"AssemblyCat","Assembly_ID","Component_Part_Number","Quantity","Assy_%23","PanelAssy","ShopAssy"
"VFD","PF755TS-005HP","20G21ND8P0JA0NNNNN","1","VFD001","1",
"VFD","PF755TS-005HP","JLS010","3","VFD001","1",
"VFD","PF755TS-005HP","20-750-S3","1","VFD001","1",
"VFD","PF755TS-005HP","20-750-enc-1","1","VFD001","1",
"VFD","PF755TS-005HP","20-HIM-C6S","1","VFD001","1",
"VFD","PF755TS-005HP","LFJ60030-3CID","1","VFD001","1",
"VFD","PF755TS-005HP","LFJ60030FBC","3","VFD001","1",
"VFD","PF755TS-005HP","1321-3R8-B","1","VFD001","1",
"VFD","PF755TS-005HP","PF150R800W","1","VFD001","1",
"VFD","PF755TS-005HP","FP6X88MTG","2","VFD001","1",
"VFD","PF755TS-005HP","CAT6","50","VFD001","1",
"VFD","PF755TS-007.5HP","20G21ND011JA0NNNNN","1","VFD002","1",
"VFD","PF755TS-007.5HP","JLS015","3","VFD002","1",
"VFD","PF755TS-007.5HP","20-750-S3","1","VFD002","1",
"VFD","PF755TS-007.5HP","20-750-enc-1","1","VFD002","1",
"VFD","PF755TS-007.5HP","20-HIM-C6S","1","VFD002","1",
"VFD","PF755TS-007.5HP","LFJ60030-3CID","1","VFD002","1",
"VFD","PF755TS-007.5HP","LFJ60030FBC","3","VFD002","1",
"VFD","PF755TS-007.5HP","1321-3R12-B","1","VFD002","1",
"VFD","PF755TS-007.5HP","PF100R800W","1","VFD002","1",
"VFD","PF755TS-007.5HP","FP6X88MTG","2","VFD002","1",
"VFD","PF755TS-007.5HP","CAT6","50","VFD002","1",
"VFD","PF755TS-010HP","20G21ND014JA0NNNNN","1","VFD003","1",
"VFD","PF755TS-010HP","JLS020","3","VFD003","1",
"VFD","PF755TS-010HP","20-750-S3","1","VFD003","1",
"VFD","PF755TS-010HP","20-750-enc-1","1","VFD003","1",
"VFD","PF755TS-010HP","20-HIM-C6S","1","VFD003","1",
"VFD","PF755TS-010HP","LFJ60030-3CID","1","VFD003","1",
"VFD","PF755TS-010HP","LFJ60030FBC","3","VFD003","1",
"VFD","PF755TS-010HP","1321-3R18-B","1","VFD003","1",
"VFD","PF755TS-010HP","PF80R1K2","1","VFD003","1",
"VFD","PF755TS-010HP","FP6X88MTG","2","VFD003","1",
"VFD","PF755TS-010HP","CAT6","50","VFD003","1",
"VFD","PF755TS-015HP","20G21ND022JA0NNNNN","1","VFD004","1",
"VFD","PF755TS-015HP","JLS030","3","VFD004","1",
"VFD","PF755TS-015HP","20-750-S3","1","VFD004","1",
"VFD","PF755TS-015HP","20-750-enc-1","1","VFD004","1",
"VFD","PF755TS-015HP","20-HIM-C6S","1","VFD004","1",
"VFD","PF755TS-015HP","LFJ60030-3CID","1","VFD004","1",
"VFD","PF755TS-015HP","LFJ60030FBC","3","VFD004","1",
"VFD","PF755TS-015HP","1321-3R25-B","1","VFD004","1",
"VFD","PF755TS-015HP","PF40R1K60","1","VFD004","1",
"VFD","PF755TS-015HP","FP6X88MTG","2","VFD004","1",
"VFD","PF755TS-015HP","CAT6","50","VFD004","1",
"VFD","PF755TS-020HP","20G21ND027JA0NNNNN","1","VFD004","1",
"VFD","PF755TS-020HP","JLS035","3","VFD004","1",
"VFD","PF755TS-020HP","20-750-S3","1","VFD004","1",
"VFD","PF755TS-020HP","20-750-enc-1","1","VFD004","1",
"VFD","PF755TS-020HP","20-HIM-C6S","1","VFD004","1",
"VFD","PF755TS-020HP","LFJ60060-3CID","1","VFD004","1",
"VFD","PF755TS-020HP","LFJ60060FBC","3","VFD004","1",
"VFD","PF755TS-020HP","1321-3R35-B","1","VFD004","1",
"VFD","PF755TS-020HP","PF40R2K00","1","VFD004","1",
"VFD","PF755TS-020HP","FP6X88MTG","2","VFD004","1",
"VFD","PF755TS-020HP","CAT6","50","VFD004","1",
"VFD","PF755TS-025HP","20G21ND034JA0NNNNN","1","VFD005","1",
"VFD","PF755TS-025HP","JLS045","3","VFD005","1",
"VFD","PF755TS-025HP","20-750-S3","1","VFD005","1",
"VFD","PF755TS-025HP","20-750-enc-1","1","VFD005","1",
"VFD","PF755TS-025HP","20-HIM-C6S","1","VFD005","1",
"VFD","PF755TS-025HP","LFJ60060-3CID","1","VFD005","1",
"VFD","PF755TS-025HP","LFJ60060FBC","3","VFD005","1",
"VFD","PF755TS-025HP","1321-3R35-B","1","VFD005","1",
"VFD","PF755TS-025HP","PF32R2K40","1","VFD005","1",
"VFD","PF755TS-025HP","FP6X88MTG","2","VFD005","1",
"VFD","PF755TS-025HP","CAT6","50","VFD005","1",
"VFD","PF755TS-030HP","20G21ND040JA0NNNNN","1","VFD006","1",
"VFD","PF755TS-030HP","JLS050","3","VFD006","1",
"VFD","PF755TS-030HP","20-750-S3","1","VFD006","1",
"VFD","PF755TS-030HP","20-750-enc-1","1","VFD006","1",
"VFD","PF755TS-030HP","20-HIM-C6S","1","VFD006","1",
"VFD","PF755TS-030HP","LFJ60060-3CID","1","VFD006","1",
"VFD","PF755TS-030HP","LFJ60060FBC","3","VFD006","1",
"VFD","PF755TS-030HP","1321-3R45-B","1","VFD006","1",
"VFD","PF755TS-030HP","PF28R2K80","1","VFD006","1",
"VFD","PF755TS-030HP","FP6X88MTG","2","VFD006","1",
"VFD","PF755TS-030HP","CAT6","50","VFD006","1",
"VFD","PF755TS-040HP","20G21ND052JA0NNNNN","1","VFD007","1",
"VFD","PF755TS-040HP","JLS070","3","VFD007","1",
"VFD","PF755TS-040HP","20-750-S3","1","VFD007","1",
"VFD","PF755TS-040HP","20-750-enc-1","1","VFD007","1",
"VFD","PF755TS-040HP","20-HIM-C6S","1","VFD007","1",
"VFD","PF755TS-040HP","LFJ60100-3CID","1","VFD007","1",
"VFD","PF755TS-040HP","LFJ60100FBC","3","VFD007","1",
"VFD","PF755TS-040HP","1321-3R55-B","1","VFD007","1",
"VFD","PF755TS-040HP","PF19R4K86","1","VFD007","1",
"VFD","PF755TS-040HP","FP6X88MTG","2","VFD007","1",
"VFD","PF755TS-040HP","CAT6","50","VFD007","1",
"VFD","PF755TS-050HP","20G21ND065JA0NNNNN","1","VFD008","1",
"VFD","PF755TS-050HP","JLS090","3","VFD008","1",
"VFD","PF755TS-050HP","20-750-S3","1","VFD008","1",
"VFD","PF755TS-050HP","20-750-enc-1","1","VFD008","1",
"VFD","PF755TS-050HP","20-HIM-C6S","1","VFD008","1",
"VFD","PF755TS-050HP","LFJ60100-3CID","1","VFD008","1",
"VFD","PF755TS-050HP","LFJ60100FBC","3","VFD008","1",
"VFD","PF755TS-050HP","1321-3R80-B","1","VFD008","1",
"VFD","PF755TS-050HP","PF19R4K86","1","VFD008","1",
"VFD","PF755TS-050HP","FP6X88MTG","2","VFD008","1",
"VFD","PF755TS-050HP","CAT6","50","VFD008","1",
"VFD","PF755TS-060HP","20G21ND077JA0NNNNN","1","VFD009","1",
"VFD","PF755TS-060HP","JLS100","3","VFD009","1",
"VFD","PF755TS-060HP","20-750-S3","1","VFD009","1",
"VFD","PF755TS-060HP","20-750-enc-1","1","VFD009","1",
"VFD","PF755TS-060HP","20-HIM-C6S","1","VFD009","1",
"VFD","PF755TS-060HP","LFJ60100-3CID","1","VFD009","1",
"VFD","PF755TS-060HP","LFJ60100FBC","3","VFD009","1",
"VFD","PF755TS-060HP","1321-3R80-B","1","VFD009","1",
"VFD","PF755TS-060HP","PF13R5K45","1","VFD009","1",
"VFD","PF755TS-060HP","FP6X88MTG","2","VFD009","1",
"VFD","PF755TS-060HP","CAT6","50","VFD009","1",
"VFD","PF755TS-075HP","20G21ND096JA0NNNNN","1","VFD010","1",
"VFD","PF755TS-075HP","JLS125","3","VFD010","1",
"VFD","PF755TS-075HP","20-750-S3","1","VFD010","1",
"VFD","PF755TS-075HP","20-750-enc-1","1","VFD010","1",
"VFD","PF755TS-075HP","20-HIM-C6S","1","VFD010","1",
"VFD","PF755TS-075HP","LFJ60200-3C","1","VFD010","1",
"VFD","PF755TS-075HP","Plexiglass","1","VFD010","1",
"VFD","PF755TS-075HP","1321-3R100-B","1","VFD010","1",
"VFD","PF755TS-075HP","PF11F5R7K77","1","VFD010","1",
"VFD","PF755TS-075HP","FP6X88MTG","2","VFD010","1",
"VFD","PF755TS-075HP","CAT6","50","VFD010","1",
"VFD","PF755TS-100HP","20G2AND125JA0NNNNN","1","VFD011","1",
"VFD","PF755TS-100HP","JLS175","3","VFD011","1",
"VFD","PF755TS-100HP","20-750-S3","1","VFD011","1",
"VFD","PF755TS-100HP","20-750-enc-1","1","VFD011","1",
"VFD","PF755TS-100HP","20-HIM-C6S","1","VFD011","1",
"VFD","PF755TS-100HP","LFJ60200-3C","1","VFD011","1",
"VFD","PF755TS-100HP","Plexiglass","1","VFD011","1",
"VFD","PF755TS-100HP","1321-3R130-B","1","VFD011","1",
"VFD","PF755TS-100HP","PF7R9K30","1","VFD011","1",
"VFD","PF755TS-100HP","FP6X88MTG","2","VFD011","1",
"VFD","PF755TS-100HP","CAT6","50","VFD011","1",
"VFD","PF755TS-125HP","20G2AND156JA0NNNNN","1","VFD012","1",
"VFD","PF755TS-125HP","JLS200","3","VFD012","1",
"VFD","PF755TS-125HP","20-750-S3","1","VFD012","1",
"VFD","PF755TS-125HP","20-750-enc-1","1","VFD012","1",
"VFD","PF755TS-125HP","20-HIM-C6S","1","VFD012","1",
"VFD","PF755TS-125HP","LFJ60200-3C","1","VFD012","1",
"VFD","PF755TS-125HP","Plexiglass","1","VFD012","1",
"VFD","PF755TS-125HP","1321-3R160-B","1","VFD012","1",
"VFD","PF755TS-125HP","PF5F1R10K7","1","VFD012","1",
"VFD","PF755TS-125HP","FP6X88MTG","2","VFD012","1",
"VFD","PF755TS-125HP","CAT6","50","VFD012","1",
"VFD","PF755TS-150HP","20G2AND186JA0NNNNN","1","VFD013","1",
"VFD","PF755TS-150HP","JLS300","3","VFD013","1",
"VFD","PF755TS-150HP","20-750-S3","1","VFD013","1",
"VFD","PF755TS-150HP","20-750-enc-1","1","VFD013","1",
"VFD","PF755TS-150HP","20-HIM-C6S","1","VFD013","1",
"VFD","PF755TS-150HP","LFJ60400-3C","1","VFD013","1",
"VFD","PF755TS-150HP","Plexiglass","1","VFD013","1",
"VFD","PF755TS-150HP","1321-3R200-B","1","VFD013","1",
"VFD","PF755TS-150HP","PF5F1R13K7","1","VFD013","1",
"VFD","PF755TS-150HP","FP6X88MTG","2","VFD013","1",
"VFD","PF755TS-150HP","CAT6","50","VFD013","1",
"VFD","PF755TS-200HP","20G2AND248JA0NNNNN","1","VFD014","1",
"VFD","PF755TS-200HP","JLS350","3","VFD014","1",
"VFD","PF755TS-200HP","20-750-S3","1","VFD014","1",
"VFD","PF755TS-200HP","20-750-enc-1","1","VFD014","1",
"VFD","PF755TS-200HP","20-HIM-C6S","1","VFD014","1",
"VFD","PF755TS-200HP","LFJ60400-3C","1","VFD014","1",
"VFD","PF755TS-200HP","Plexiglass","1","VFD014","1",
"VFD","PF755TS-200HP","1321-3RB250-B","1","VFD014","1",
"VFD","PF755TS-200HP","PF3F3R21K4","1","VFD014","1",
"VFD","PF755TS-200HP","FP6X88MTG","2","VFD014","1",
"VFD","PF755TS-200HP","CAT6","50","VFD014","1",
"VFD","PF755TS-250HP","20G2AND302JA0NNNNN","1","VFD015","1",
"VFD","PF755TS-250HP","JLS400","3","VFD015","1",
"VFD","PF755TS-250HP","20-750-S3","1","VFD015","1",
"VFD","PF755TS-250HP","20-750-enc-1","1","VFD015","1",
"VFD","PF755TS-250HP","20-HIM-C6S","1","VFD015","1",
"VFD","PF755TS-250HP","LFJ60400-3C","1","VFD015","1",
"VFD","PF755TS-250HP","Plexiglass","1","VFD015","1",
"VFD","PF755TS-250HP","1321-3RB320-B","1","VFD015","1",
"VFD","PF755TS-250HP","PF3F3R24K9","1","VFD015","1",
"VFD","PF755TS-250HP","FP6X88MTG","2","VFD015","1",
"VFD","PF755TS-250HP","CAT6","50","VFD015","1",
"FVNR","01HP_140MG+100C+E300+Eth/IP","140MG-G8P-B30","1","FVNR001","1",
"FVNR","01HP_140MG+100C+E300+Eth/IP","100-C30D10","1","FVNR001","1",
"FVNR","01HP_140MG+100C+E300+Eth/IP","100-FA20","1","FVNR001","1",
"FVNR","01HP_140MG+100C+E300+Eth/IP","193-ESM-I-30A-C55","1","FVNR001","1",
"FVNR","01HP_140MG+100C+E300+Eth/IP","193-EIO-22-120","1","FVNR001","1",
"FVNR","01HP_140MG+100C+E300+Eth/IP","193-ECM-ETR","1","FVNR001","1",
"FVNR","01HP_140MG+100C+E300+Eth/IP","FP6X88MTG","2","FVNR001","1",
"FVNR","01HP_140MG+100C+E300+Eth/IP","CAT6","50","FVNR001","1",
"FVNR","02HP_140MG+100C+E300+Eth/IP","140MG-G8P-B30","1","FVNR002","1",
"FVNR","02HP_140MG+100C+E300+Eth/IP","100-C30D10","1","FVNR002","1",
"FVNR","02HP_140MG+100C+E300+Eth/IP","100-FA20","1","FVNR002","1",
"FVNR","02HP_140MG+100C+E300+Eth/IP","193-ESM-I-30A-C55","1","FVNR002","1",
"FVNR","02HP_140MG+100C+E300+Eth/IP","193-EIO-22-120","1","FVNR002","1",
"FVNR","02HP_140MG+100C+E300+Eth/IP","193-ECM-ETR","1","FVNR002","1",
"FVNR","02HP_140MG+100C+E300+Eth/IP","FP6X88MTG","2","FVNR002","1",
"FVNR","02HP_140MG+100C+E300+Eth/IP","CAT6","50","FVNR002","1",
"FVNR","03HP_140MG+100C+E300+Eth/IP","140MG-G8P-B70","1","FVNR003","1",
"FVNR","03HP_140MG+100C+E300+Eth/IP","100-C30D10","1","FVNR003","1",
"FVNR","03HP_140MG+100C+E300+Eth/IP","100-FA20","1","FVNR003","1",
"FVNR","03HP_140MG+100C+E300+Eth/IP","193-ESM-I-30A-C55","1","FVNR003","1",
"FVNR","03HP_140MG+100C+E300+Eth/IP","193-EIO-22-120","1","FVNR003","1",
"FVNR","03HP_140MG+100C+E300+Eth/IP","193-ECM-ETR","1","FVNR003","1",
"FVNR","03HP_140MG+100C+E300+Eth/IP","FP6X88MTG","2","FVNR003","1",
"FVNR","03HP_140MG+100C+E300+Eth/IP","CAT6","50","FVNR003","1",
"FVNR","05HP_140MG+100C+E300+Eth/IP","140MG-G8P-B70","1","FVNR004","1",
"FVNR","05HP_140MG+100C+E300+Eth/IP","100-C30D10","1","FVNR004","1",
"FVNR","05HP_140MG+100C+E300+Eth/IP","100-FA20","1","FVNR004","1",
"FVNR","05HP_140MG+100C+E300+Eth/IP","193-ESM-I-30A-C55","1","FVNR004","1",
"FVNR","05HP_140MG+100C+E300+Eth/IP","193-EIO-22-120","1","FVNR004","1",
"FVNR","05HP_140MG+100C+E300+Eth/IP","193-ECM-ETR","1","FVNR004","1",
"FVNR","05HP_140MG+100C+E300+Eth/IP","FP6X88MTG","2","FVNR004","1",
"FVNR","05HP_140MG+100C+E300+Eth/IP","CAT6","50","FVNR004","1",
"FVNR","07.5HP_140MG+100C+E300+Eth/IP","140MG-G8P-B70","1","FVNR005","1",
"FVNR","07.5HP_140MG+100C+E300+Eth/IP","100-C30D10","1","FVNR005","1",
"FVNR","07.5HP_140MG+100C+E300+Eth/IP","100-FA20","1","FVNR005","1",
"FVNR","07.5HP_140MG+100C+E300+Eth/IP","193-ESM-I-30A-C55","1","FVNR005","1",
"FVNR","07.5HP_140MG+100C+E300+Eth/IP","193-EIO-22-120","1","FVNR005","1",
"FVNR","07.5HP_140MG+100C+E300+Eth/IP","193-ECM-ETR","1","FVNR005","1",
"FVNR","07.5HP_140MG+100C+E300+Eth/IP","FP6X88MTG","2","FVNR005","1",
"FVNR","07.5HP_140MG+100C+E300+Eth/IP","CAT6","50","FVNR005","1",
"FVNR","10HP_140MG+100C+E300+Eth/IP","140MG-G8P-C15","1","FVNR006","1",
"FVNR","10HP_140MG+100C+E300+Eth/IP","100-C30D10","1","FVNR006","1",
"FVNR","10HP_140MG+100C+E300+Eth/IP","100-FA20","1","FVNR006","1",
"FVNR","10HP_140MG+100C+E300+Eth/IP","193-ESM-I-30A-C55","1","FVNR006","1",
"FVNR","10HP_140MG+100C+E300+Eth/IP","193-EIO-22-120","1","FVNR006","1",
"FVNR","10HP_140MG+100C+E300+Eth/IP","193-ECM-ETR","1","FVNR006","1",
"FVNR","10HP_140MG+100C+E300+Eth/IP","FP6X88MTG","2","FVNR006","1",
"FVNR","10HP_140MG+100C+E300+Eth/IP","CAT6","50","FVNR006","1",
"FVNR","15HP_140MG+100C+E300+Eth/IP","140MG-G8P-C15","1","FVNR007","1",
"FVNR","15HP_140MG+100C+E300+Eth/IP","100-C30D10","1","FVNR007","1",
"FVNR","15HP_140MG+100C+E300+Eth/IP","100-FA20","1","FVNR007","1",
"FVNR","15HP_140MG+100C+E300+Eth/IP","193-ESM-I-30A-C55","1","FVNR007","1",
"FVNR","15HP_140MG+100C+E300+Eth/IP","193-EIO-22-120","1","FVNR007","1",
"FVNR","15HP_140MG+100C+E300+Eth/IP","193-ECM-ETR","1","FVNR007","1",
"FVNR","15HP_140MG+100C+E300+Eth/IP","FP6X88MTG","2","FVNR007","1",
"FVNR","15HP_140MG+100C+E300+Eth/IP","CAT6","50","FVNR007","1",
"FVNR","20HP_140MG+100C+E300+Eth/IP","140MG-G8P-C30","1","FVNR008","1",
"FVNR","20HP_140MG+100C+E300+Eth/IP","100-C30D10","1","FVNR008","1",
"FVNR","20HP_140MG+100C+E300+Eth/IP","100-FA20","1","FVNR008","1",
"FVNR","20HP_140MG+100C+E300+Eth/IP","193-ESM-I-60A-C55","1","FVNR008","1",
"FVNR","20HP_140MG+100C+E300+Eth/IP","193-EIO-22-120","1","FVNR008","1",
"FVNR","20HP_140MG+100C+E300+Eth/IP","193-ECM-ETR","1","FVNR008","1",
"FVNR","20HP_140MG+100C+E300+Eth/IP","FP6X88MTG","2","FVNR008","1",
"FVNR","20HP_140MG+100C+E300+Eth/IP","CAT6","50","FVNR008","1",
"FVNR","25HP_140MG+100C+E300+Eth/IP","140MG-G8P-C50","1","FVNR009","1",
"FVNR","25HP_140MG+100C+E300+Eth/IP","100-C37D10","1","FVNR009","1",
"FVNR","25HP_140MG+100C+E300+Eth/IP","100-FA20","1","FVNR009","1",
"FVNR","25HP_140MG+100C+E300+Eth/IP","193-ESM-I-60A-C55","1","FVNR009","1",
"FVNR","25HP_140MG+100C+E300+Eth/IP","193-EIO-22-120","1","FVNR009","1",
"FVNR","25HP_140MG+100C+E300+Eth/IP","193-ECM-ETR","1","FVNR009","1",
"FVNR","25HP_140MG+100C+E300+Eth/IP","FP6X88MTG","2","FVNR009","1",
"FVNR","25HP_140MG+100C+E300+Eth/IP","CAT6","50","FVNR009","1",
"FVNR","30HP_140MG+100C+E300+Eth/IP","140MG-G8P-C80","1","FVNR010","1",
"FVNR","30HP_140MG+100C+E300+Eth/IP","100-C55D10","1","FVNR010","1",
"FVNR","30HP_140MG+100C+E300+Eth/IP","100-FA20","1","FVNR010","1",
"FVNR","30HP_140MG+100C+E300+Eth/IP","193-ESM-I-60A-C55","1","FVNR010","1",
"FVNR","30HP_140MG+100C+E300+Eth/IP","193-EIO-22-120","1","FVNR010","1",
"FVNR","30HP_140MG+100C+E300+Eth/IP","193-ECM-ETR","1","FVNR010","1",
"FVNR","30HP_140MG+100C+E300+Eth/IP","FP6X88MTG","2","FVNR010","1",
"FVNR","30HP_140MG+100C+E300+Eth/IP","CAT6","50","FVNR010","1",
"FVNR","40HP_140MG+100C+E300+Eth/IP","140MG-G8P-C80","1","FVNR011","1",
"FVNR","40HP_140MG+100C+E300+Eth/IP","100-C55D10","1","FVNR011","1",
"FVNR","40HP_140MG+100C+E300+Eth/IP","100-FA20","1","FVNR011","1",
"FVNR","40HP_140MG+100C+E300+Eth/IP","193-ESM-I-60A-C55","1","FVNR011","1",
"FVNR","40HP_140MG+100C+E300+Eth/IP","193-EIO-22-120","1","FVNR011","1",
"FVNR","40HP_140MG+100C+E300+Eth/IP","193-ECM-ETR","1","FVNR011","1",
"FVNR","40HP_140MG+100C+E300+Eth/IP","FP6X88MTG","2","FVNR011","1",
"FVNR","40HP_140MG+100C+E300+Eth/IP","CAT6","50","FVNR011","1",
"FVNR","50HP_140MG+100C+E300+Eth/IP","140MG-G8P-D10","1","FVNR012","1",
"FVNR","50HP_140MG+100C+E300+Eth/IP","100-C72D10","1","FVNR012","1",
"FVNR","50HP_140MG+100C+E300+Eth/IP","100-FA20","1","FVNR012","1",
"FVNR","50HP_140MG+100C+E300+Eth/IP","193-ESM-I-100A-C97","1","FVNR012","1",
"FVNR","50HP_140MG+100C+E300+Eth/IP","193-EIO-22-120","1","FVNR012","1",
"FVNR","50HP_140MG+100C+E300+Eth/IP","193-ECM-ETR","1","FVNR012","1",
"FVNR","50HP_140MG+100C+E300+Eth/IP","FP6X88MTG","2","FVNR012","1",
"FVNR","50HP_140MG+100C+E300+Eth/IP","CAT6","50","FVNR012","1",
"FVNR","60HP_140MG+100C+E300+Eth/IP","140MG-G8P-D12","1","FVNR013","1",
"FVNR","60HP_140MG+100C+E300+Eth/IP","100-C85","1","FVNR013","1",
"FVNR","60HP_140MG+100C+E300+Eth/IP","100-FA20","1","FVNR013","1",
"FVNR","60HP_140MG+100C+E300+Eth/IP","193-ESM-I-100A-C97","1","FVNR013","1",
"FVNR","60HP_140MG+100C+E300+Eth/IP","193-EIO-22-120","1","FVNR013","1",
"FVNR","60HP_140MG+100C+E300+Eth/IP","193-ECM-ETR","1","FVNR013","1",
"FVNR","60HP_140MG+100C+E300+Eth/IP","FP6X88MTG","2","FVNR013","1",
"FVNR","60HP_140MG+100C+E300+Eth/IP","CAT6","50","FVNR013","1",
"FVNR","75HP_140MG+100C+E300+Eth/IP","140MG-G8P-D12","1","FVNR014","1",
"FVNR","75HP_140MG+100C+E300+Eth/IP","100-C97D10","1","FVNR014","1",
"FVNR","75HP_140MG+100C+E300+Eth/IP","100-FA20","1","FVNR014","1",
"FVNR","75HP_140MG+100C+E300+Eth/IP","193-ESM-I-100A-C97","1","FVNR014","1",
"FVNR","75HP_140MG+100C+E300+Eth/IP","193-EIO-22-120","1","FVNR014","1",
"FVNR","75HP_140MG+100C+E300+Eth/IP","193-ECM-ETR","1","FVNR014","1",
"FVNR","75HP_140MG+100C+E300+Eth/IP","FP6X88MTG","2","FVNR014","1",
"FVNR","75HP_140MG+100C+E300+Eth/IP","CAT6","50","FVNR014","1",
"FVNR","NEMA-50HP_140G+300+E300+Eth/IP","140G-G6C3-D12-KJ","1","FVNR015","1",
"FVNR","NEMA-50HP_140G+300+E300+Eth/IP","300-DOD930","1","FVNR015","1",
"FVNR","NEMA-50HP_140G+300+E300+Eth/IP","193-ESM-I-100A-C97","1","FVNR015","1",
"FVNR","NEMA-50HP_140G+300+E300+Eth/IP","193-EIO-22-120","1","FVNR015","1",
"FVNR","NEMA-50HP_140G+300+E300+Eth/IP","193-ECM-ETR","1","FVNR015","1",
"FVNR","NEMA-50HP_140G+300+E300+Eth/IP","FP6X88MTG","2","FVNR015","1",
"FVNR","NEMA-50HP_140G+300+E300+Eth/IP","CAT6","50","FVNR015","1",
"FVNR","NEMA-100HP_140G+300+E300+Eth/IP","140G-J6H3-D25","1","FVNR016","1",
"FVNR","NEMA-100HP_140G+300+E300+Eth/IP","300-EOD9311","1","FVNR016","1",
"FVNR","NEMA-100HP_140G+300+E300+Eth/IP","193-ESM-I-200A-D180","1","FVNR016","1",
"FVNR","NEMA-100HP_140G+300+E300+Eth/IP","193-EIO-22-120","1","FVNR016","1",
"FVNR","NEMA-100HP_140G+300+E300+Eth/IP","193-ECM-ETR","1","FVNR016","1",
"FVNR","NEMA-100HP_140G+300+E300+Eth/IP","FP6X88MTG","2","FVNR016","1",
"FVNR","NEMA-100HP_140G+300+E300+Eth/IP","CAT6","50","FVNR016","1",
"CAB","1Dr, 84x40x24 BothSideOpen","AU84X4024BLP","1","Cab001","1",
"CAB","1Dr, 84x40x24 BothSideOpen","A84PM40G","1","Cab001","1",
"CAB","1Dr, 84x40x24 BothSideOpen","AEK115","1","Cab001","1",
"CAB","1Dr, 84x40x24 BothSideOpen","LEDA2M35","1","Cab001","1",
"CAB","1Dr, 84x40x24 BothSideOpen","ATEMNO","1","Cab001","1",
"CAB","1Dr, 84x40x24 BothSideOpen","AU8424FGK","2","Cab001","1",
"CAB","1Dr, 84x40x24 LeftSideOpen","AU84X4024LLP","1","Cab002","1",
"CAB","1Dr, 84x40x24 LeftSideOpen","A84PM40G","1","Cab002","1",
"CAB","1Dr, 84x40x24 LeftSideOpen","AEK115","1","Cab002","1",
"CAB","1Dr, 84x40x24 LeftSideOpen","LEDA2M35","1","Cab002","1",
"CAB","1Dr, 84x40x24 LeftSideOpen","ATEMNO","1","Cab002","1",
"CAB","1Dr, 84x40x24 LeftSideOpen","AU8424FGK","1","Cab002","1",
"CAB","1Dr, 84x40x24 RightSideOpen","AU84X4024RLP","1","Cab003","1",
"CAB","1Dr, 84x40x24 RightSideOpen","A84PM40G","1","Cab003","1",
"CAB","1Dr, 84x40x24 RightSideOpen","AEK115","1","Cab003","1",
"CAB","1Dr, 84x40x24 RightSideOpen","LEDA2M35","1","Cab003","1",
"CAB","1Dr, 84x40x24 RightSideOpen","ATEMNO","1","Cab003","1",
"CAB","1Dr, 84x40x24 RightSideOpen","AU8424FGK","1","Cab003","1",
"CAB","2Dr, 84x78x24 BothSideOpen","AU84X7824BLP","1","Cab004","1",
"CAB","2Dr, 84x78x24 BothSideOpen","A84PM78G","1","Cab004","1",
"CAB","2Dr, 84x78x24 BothSideOpen","AEK115","2","Cab004","1",
"CAB","2Dr, 84x78x24 BothSideOpen","LEDA2M35","2","Cab004","1",
"CAB","2Dr, 84x78x24 BothSideOpen","ATEMNO","1","Cab004","1",
"CAB","2Dr, 84x78x24 BothSideOpen","AU8424FGK","2","Cab004","1",
"CAB","2Dr, 84x78x24 LeftSideOpen","AU84X7824LLP","1","Cab005","1",
"CAB","2Dr, 84x78x24 LeftSideOpen","A84PM78G","1","Cab005","1",
"CAB","2Dr, 84x78x24 LeftSideOpen","AEK115","2","Cab005","1",
"CAB","2Dr, 84x78x24 LeftSideOpen","LEDA2M35","2","Cab005","1",
"CAB","2Dr, 84x78x24 LeftSideOpen","ATEMNO","1","Cab005","1",
"CAB","2Dr, 84x78x24 LeftSideOpen","AU8424FGK","1","Cab005","1",
"CAB","2Dr, 84x78x24 RightSideOpen","AU84X7824RLP","1","Cab006","1",
"CAB","2Dr, 84x78x24 RightSideOpen","A84PM78G","1","Cab006","1",
"CAB","2Dr, 84x78x24 RightSideOpen","AEK115","2","Cab006","1",
"CAB","2Dr, 84x78x24 RightSideOpen","LEDA2M35","2","Cab006","1",
"CAB","2Dr, 84x78x24 RightSideOpen","ATEMNO","1","Cab006","1",
"CAB","2Dr, 84x78x24 RightSideOpen","AU8424FGK","1","Cab006","1",
"CAB","2Dr, 90x78x24 LeftSideOpenDisc","AU90X7824RLP","1","Cab007","1",
"CAB","2Dr, 90x78x24 LeftSideOpenDisc","A90PM78G","1","Cab007","1",
"CAB","2Dr, 90x78x24 LeftSideOpenDisc","AEK115","2","Cab007","1",
"CAB","2Dr, 90x78x24 LeftSideOpenDisc","LEDA2M35","2","Cab007","1",
"CAB","2Dr, 90x78x24 LeftSideOpenDisc","ATEMNO","1","Cab007","1",
"CAB","2Dr, 90x78x24 LeftSideOpenDisc","AU8424FGK","1","Cab007","1",
"CAB","2Dr, 90x78x24 BothSideOpen","AU90X7824BLP","1","Cab008","1",
"CAB","2Dr, 90x78x24 BothSideOpen","A90PM78G","1","Cab008","1",
"CAB","2Dr, 90x78x24 BothSideOpen","AEK115","2","Cab008","1",
"CAB","2Dr, 90x78x24 BothSideOpen","LEDA2M35","2","Cab008","1",
"CAB","2Dr, 90x78x24 BothSideOpen","ATEMNO","1","Cab008","1",
"CAB","2Dr, 90x78x24 BothSideOpen","AU8424FGK","1","Cab008","1",
"CAB","2Dr, 90x78x24 RightSideOpen","AU90X7824RLP","1","Cab009","1",
"CAB","2Dr, 90x78x24 RightSideOpen","A90PM78G","1","Cab008","1",
"CAB","2Dr, 90x78x24 RightSideOpen","AEK115","2","Cab008","1",
"CAB","2Dr, 90x78x24 RightSideOpen","LEDA2M35","2","Cab008","1",
"CAB","2Dr, 90x78x24 RightSideOpen","ATEMNO","1","Cab008","1",
"CAB","2Dr, 90x78x24 RightSideOpen","AU8424FGK","1","Cab008","1",
"COOLING","HF13-484CFM-120V","HF1316424","1","Cool001",,
"COOLING","HF13-484CFM-120V","HG1300404","1","Cool001",,
"MCCB","1000-2000A Adj.-MoldedCaseCB-65kA-480V","PDG63M2000E2NN","1","MCCB001","1",
"MCCB","1000-2000A Adj.-MoldedCaseCB-65kA-480V","pdg6xfs06","1","MCCB001","1",
"MCCB","1000-2000A Adj.-MoldedCaseCB-65kA-480V","PDG6X3TA2000","2","MCCB001","1",
"MCCB","600A Therm. Mag, Adj.-MoldedCaseCB-65kA-480V","140G-M6F3-D60","1","MCCB002","1",
"MCCB","600A Therm. Mag, Adj.-MoldedCaseCB-65kA-480V","140G-M-FMX04","1","MCCB002","1",
"MCCB","600A Therm. Mag, Adj.-MoldedCaseCB-65kA-480V","140G-M-TLA23","2","MCCB002","1",
"PDB","PowerDist. 760A - 2In/8Out","1492-PD3287","1","PDB001",,
"PDB","PowerDist. 760A - 2In/8Out","1492-PBC3","3","PDB001",,
"XFMR-CTRL","1kA-120V Control Power","HZ1000","1","XFMR-CTRL001","1",
"XFMR-CTRL","1kA-120V Control Power","CCMR005.TXP","2","XFMR-CTRL001","1",
"XFMR-CTRL","1kA-120V Control Power","1492-FB2C30-L","1","XFMR-CTRL001","1",
"XFMR-CTRL","1kA-120V Control Power","CCMR012.TXP","1","XFMR-CTRL001","1",
"XFMR-CTRL","1kA-120V Control Power","1492-FB1C30-D1","1","XFMR-CTRL001","1",
"XFMR-CTRL","1kA-120V Control Power","Misc500","1","XFMR-CTRL001","1",
"XFMR-CTRL","1.5kA-120V Control Power","HZ1500","1","XFMR-CTRL002","1",
"XFMR-CTRL","1.5kA-120V Control Power","CCMR007.TXP","2","XFMR-CTRL002","1",
"XFMR-CTRL","1.5kA-120V Control Power","1492-FB2C30-L","1","XFMR-CTRL002","1",
"XFMR-CTRL","1.5kA-120V Control Power","CCMR015.TXP","1","XFMR-CTRL002","1",
"XFMR-CTRL","1.5kA-120V Control Power","1492-FB1C30-D1","1","XFMR-CTRL002","1",
"XFMR-CTRL","1.5kA-120V Control Power","Misc750","1","XFMR-CTRL002","1",
"XFMR-CTRL","2kA-120V Control Power","HZ2000","1","XFMR-CTRL003","1",
"XFMR-CTRL","2kA-120V Control Power","CCMR010.TXP","2","XFMR-CTRL003","1",
"XFMR-CTRL","2kA-120V Control Power","1492-FB2C30-L","1","XFMR-CTRL003","1",
"XFMR-CTRL","2kA-120V Control Power","CCMR025.TXP","1","XFMR-CTRL003","1",
"XFMR-CTRL","2kA-120V Control Power","1492-FB1C30-D1","1","XFMR-CTRL003","1",
"XFMR-CTRL","2kA-120V Control Power","Misc750","1","XFMR-CTRL003","1",
"XFMR-CTRL","3kA-120V Control Power","HZ3000","1","XFMR-CTRL004","1",
"XFMR-CTRL","3kA-120V Control Power","CCMR015.TXP","2","XFMR-CTRL004","1",
"XFMR-CTRL","3kA-120V Control Power","1492-FB2C30-L","1","XFMR-CTRL004","1",
"XFMR-CTRL","3kA-120V Control Power","JTD035","1","XFMR-CTRL004","1",
"XFMR-CTRL","3kA-120V Control Power","1492-FB1J60-L","1","XFMR-CTRL004","1",
"XFMR-CTRL","3kA-120V Control Power","Misc1000","1","XFMR-CTRL004","1",
"XFMR-CTRL","5kA-120V Control Power","HZ5000","1","XFMR-CTRL005","1",
"XFMR-CTRL","5kA-120V Control Power","CCMR025.TXP","2","XFMR-CTRL005","1",
"XFMR-CTRL","5kA-120V Control Power","1492-FB2C30-L","1","XFMR-CTRL005","1",
"XFMR-CTRL","5kA-120V Control Power","JTD060","1","XFMR-CTRL005","1",
"XFMR-CTRL","5kA-120V Control Power","1492-FB1J60-L","1","XFMR-CTRL005","1",
"XFMR-CTRL","5kA-120V Control Power","Misc1000","1","XFMR-CTRL005","1",
"PDB-FU","100A-ClassJ PowerDist.","LFJ60100-3CID","1","PDB-FU001","1","0"
"PDB-FU","100A-ClassJ PowerDist.","JLS100","3","PDB-FU001","1","0"
"PDB-FU","100A-ClassJ PowerDist.","LFJ60100FBC","3","PDB-FU001","1","0"
"PDB-FU","200A-ClassJ PowerDist.","LFJ60200-3C","1","PDB-FU002","1","0"
"PDB-FU","200A-ClassJ PowerDist.","JLS200","3","PDB-FU002","1","0"
"PDB-FU","200A-ClassJ PowerDist.","Plexiglass","1","PDB-FU002","1","0"
"PDB-FU","400A-ClassJ PowerDist.","LFJ60400-3C","1","PDB-FU003","1","0"
"PDB-FU","400A-ClassJ PowerDist.","JLS400","3","PDB-FU003","1","0"
"PDB-FU","400A-ClassJ PowerDist.","Plexiglass","1","PDB-FU003","1","0"
"PDB-FU","600A-ClassJ PowerDist.","LFJ60600-3C","1","PDB-FU004","1","0"
"PDB-FU","600A-ClassJ PowerDist.","JLS600","3","PDB-FU004","1","0"
"PDB-FU","600A-ClassJ PowerDist.","Plexiglass","1","PDB-FU004","1","0"
"RIO","LVM01-RIO","1734-AENTR","2","RIO001","1","0"
"RIO","LVM01-RIO","1734-IE4C","1","RIO001","0","1"
"RIO","LVM01-RIO","1734-IE2V","5","RIO001","0","1"
"RIO","LVM01-RIO","1734-OE2V","5","RIO001","0","1"
"RIO","LVM01-RIO","1734-OW4","4","RIO001","0","1"
"RIO","LVM01-RIO","1734-IB8","1","RIO001","0","1"
"RIO","LVM01-RIO","1734-VTM","1","RIO001","1","1"
"RIO","LVM01-RIO","1734-TB","21","RIO001","1","1"
"RIO","LVM01-RIO","1783-US8T","1","RIO001","1","0"
"RIO","LVM01-RIO","1734-IB8S","1","RIO001","1","0"
"RIO","LVM01-RIO","1734-OB8S","1","RIO001","1","0"
"RIO","LVM01-RIO","774150","1","RIO001","1","0"
"RIO","LVM01-RIO","1492-H5","15","RIO001","1","0"
"RIO","LVM01-RIO","GDL2","15","RIO001","1","0"
"RIO","LVM01-RIO","A363612LP","1","RIO001","1","0"
"RIO","LVM01-RIO","A36P36","1","RIO001","1","0"
"RIO","LVM01-RIO","SDN5-24-100C","1","RIO001","1","0"
"RIO","LVM01-RIO","SDN40-24-100C","1","RIO001","1","0"
"RIO","LVM01-RIO","M9L11120","1","RIO001","1","0"
"RIO","LVM01-RIO","_2703015","2","RIO001","1","0"
"RIO","LVM01-RIO","CCMR005.TXP","15","RIO001","1","0"
"RIO","LVM01-RIO","1492-FB1C30-D1","15","RIO001","1","0"
"RIO","LVM01-RIO","1492-SP1C200","1","RIO001","1","0"
"RIO","LVM01-RIO","MISC1000","2","RIO001","1","0"
"RIO","LVM01-RIO","MtI/O","1","RIO001","1","0"
"RIO","LVST01-RIO","1734-AENTR","1","RIO002","1",
"RIO","LVST01-RIO","1734-IE2C","1","RIO002",,"1"
"RIO","LVST01-RIO","1734-IE2V","4","RIO002",,"1"
"RIO","LVST01-RIO","1734-OE2V","3","RIO002",,"1"
"RIO","LVST01-RIO","1734-OW4","4","RIO002",,"1"
"RIO","LVST01-RIO","1734-IB8","1","RIO002",,"1"
"RIO","LVST01-RIO","1734-TB","19","RIO002","1",
"RIO","LVST01-RIO","1783-US8T","1","RIO002","1",
"RIO","LVST01-RIO","1734-IB8S","2","RIO002","1","1"
"RIO","LVST01-RIO","1734-OB8S","1","RIO002","1",
"RIO","LVST01-RIO","1734-EP24DC","1","RIO002","1",
"RIO","LVST01-RIO","CCMR005.TXP","13","RIO002","1",
"RIO","LVST01-RIO","1492-FB1C30-D1","13","RIO002","1",
"RIO","LVST01-RIO","1492-SP1C200","1","RIO002","1",
"RIO","LVST01-RIO","SDN5-24-100C","1","RIO002","1",
"RIO","LVST01-RIO","SDN40-24-100C","1","RIO002","1",
"RIO","LVST01-RIO","774150","1","RIO002","1",
"RIO","LVST01-RIO","M9L11120","1","RIO002","1",
"RIO","LVST01-RIO","A303008LP","1","RIO002","1","1"
"RIO","LVST01-RIO","A30P30","1","RIO002","1",
"RIO","LVST01-RIO","1492-EAJ35","19","RIO002","1",
"RIO","LVST01-RIO","MISC500","1","RIO002","1",
"RIO","LVST01-RIO","MtI/O","0.5","RIO002","1",
"RIO","LVST02-RIO","1734-AENTR","1","RIO003","1",
"RIO","LVST02-RIO","1734-IE2C","1","RIO003",,"1"
"RIO","LVST02-RIO","1734-IE2V","3","RIO003",,"1"
"RIO","LVST02-RIO","1734-OE2V","4","RIO003",,"1"
"RIO","LVST02-RIO","1734-OW4","5","RIO003",,"1"
"RIO","LVST02-RIO","1734-IB8","1","RIO003",,"1"
"RIO","LVST02-RIO","1734-TB","18","RIO003","1",
"RIO","LVST02-RIO","1783-US8T","1","RIO003","1",
"RIO","LVST02-RIO","1734-IB8S","2","RIO003","1","1"
"RIO","LVST02-RIO","1734-EP24DC","1","RIO003","1",
"RIO","LVST02-RIO","CCMR005.TXP","16","RIO003","1",
"RIO","LVST02-RIO","1492-FB1C30-D1","16","RIO003","1",
"RIO","LVST02-RIO","1492-SP1C200","1","RIO003","1",
"RIO","LVST02-RIO","SDN5-24-100C","1","RIO003","1",
"RIO","LVST02-RIO","SDN40-24-100C","1","RIO003","1",
"RIO","LVST02-RIO","774150","1","RIO003","1",
"RIO","LVST02-RIO","M9L11120","1","RIO003","1",
"RIO","LVST02-RIO","A303008LP","1","RIO003","1","1"
"RIO","LVST02-RIO","A30P30","1","RIO003","1",
"RIO","LVST02-RIO","1492-EAJ35","19","RIO003","1",
"RIO","LVST02-RIO","MISC500","1","RIO003","1",
"RIO","LVST02-RIO","MtI/O","0.5","RIO003","1",
"RIO","IOLM","MDE45-4MP-FW07","2","IOL001",,"1"
"RIO","IOLM","_1521339","1","IOL001",,"1"
"RIO","IOLM","_1521355","1","IOL001",,"1"
"RIO","IOLM","BNI00H2","1","IOL001",,"1"
"OS","LVM.OS","1492-EAJ35","15","OS001","1",
"OS","LVM.OS","1606-XLB240E","1","OS001","1",
"OS","LVM.OS","1734-AENTR","1","OS001","1",
"OS","LVM.OS","1734-IB8","1","OS001","1",
"OS","LVM.OS","1734-IB8S","1","OS001","1",
"OS","LVM.OS","1734-TB","4","OS001","1",
"OS","LVM.OS","800T-a6D2","1","OS001","1",
"OS","LVM.OS","800T-D9D2","3","OS001","1",
"OS","LVM.OS","800T-FXQH2RA5","1","OS001","1",
"OS","LVM.OS","800T-J20A","2","OS001","1",
"OS","LVM.OS","800T-X559JE","5","OS001","1",
"OS","LVM.OS","800T-X646EM","1","OS001","1",
"OS","LVM.OS","HIS-ML23.8-FTVA","1","OS001","1",
"OS","LVM.OS","HX500","1","OS001","1",
"OS","LVM.OS","M9L11120","1","OS001","1",
"OS","LVM.OS","MISC1000","1","OS001","1",
"OS","LVM.OS","MtI/O","1","OS001","1",
"CAB","1Dr, 90x40x24 - PLC_Closed","AU90X4024RLP","1","Cab009","1",
"CAB","1Dr, 90x40x24 - PLC_Closed","A90PM40G","1","Cab009","1",
"CAB","1Dr, 90x40x24 - PLC_Closed","LEDA2M35","1","Cab009","1",
"CAB","1Dr, 90x40x24 - PLC_Closed","P-R2-K3RF3","1","Cab009","1",
"CAB","1Dr, 90x40x24 - PLC_Closed","1492-REC15","1","Cab009","1",
"OS","CRV.OS-HMI","1734-AENTR","1","OS002",,
"OS","CRV.OS-HMI","1734-IB8","2","OS002",,
"OS","CRV.OS-HMI","1734-IB8S","1","OS002",,
"OS","CRV.OS-HMI","1734-OB8","2","OS002",,
"OS","CRV.OS-HMI","1734-TB","6","OS002",,
"OS","CRV.OS-HMI","HX500","1","OS002",,
"OS","CRV.OS-HMI","HISML19-CTBH","1","OS002",,
"OS","CRV.OS-HMI","800T-FXQH2RA1","1","OS002",,
"OS","CRV.OS-HMI","800T-N310J","1","OS002",,
"OS","CRV.OS-HMI","800T-XA1","1","OS002",,
"OS","CRV.OS-HMI","800T-X646EM","1","OS002",,
"OS","CRV.OS-HMI","800T-J20A","10","OS002",,
"OS","CRV.OS-HMI","800T-D6A","4","OS002",,
"OS","CRV.OS-HMI","1606-XLB240E","1","OS002",,
"OS","CRV.OS-HMI","MISC500","1","OS002",,
"OS","CRV.OS-HMI","LaborIOWall_Mt","1","OS002",,
"OS","CRV.OS-HMI","MtI/OWall_Mt","1","OS002",,
"OS","CRV.OS-HMI","A303008LP","1","OS002",,
"OS","CRV.OS-HMI","A30P30","1","OS002",,
"CAB","1Dr, 90x40x24 - PLC_Closed","ATEMNO","1","Cab009","1",
"CAB","1Dr, 90x40x24 - PLC_Closed","AU9024EPT","1","Cab009","1",
"CAB","1Dr, 90x40x24 - PLC_Closed","AU9024FGK","1","Cab009","1",
"INST-LAS","WENGLOR-TimeOfFlightLaser","WP-Mount","1","INST-LAS001",,
"INST-LAS","WENGLOR-TimeOfFlightLaser","OY1P303P0102","1","INST-LAS001",,
"INST-LAS","WENGLOR-TimeOfFlightLaser","EVC086","1","INST-LAS001",,
"INST-LAS","IFM-TimeOfFlightLaser","O1D100","1","INST-LAS002",,
"INST-LAS","IFM-TimeOfFlightLaser","E21079","1","INST-LAS002",,
"INST-LAS","IFM-TimeOfFlightLaser","EVC086","1","INST-LAS002",,
"CAB","2Dr, 90x78x24 - PLC_Closed","AU90X7824LUCLP","1","Cab010","1",
"CAB","2Dr, 90x78x24 - PLC_Closed","A90PM78G","1","Cab010","1",
"CAB","2Dr, 90x78x24 - PLC_Closed","AEK115","1","Cab010","1",
"CAB","2Dr, 90x78x24 - PLC_Closed","LEDA2M35","2","Cab010","1",
"CAB","2Dr, 90x78x24 - PLC_Closed","ATEMNO","1","Cab010","1",
"CAB","2Dr, 90x78x24 - PLC_Closed","AU8424FGK","1","Cab010","1",
"CAB","2Dr, 90x78x24 - PLC_Closed","AU9024EPT","1","Cab010","1",
"PLC","1756-Chassis-Config","1756-A10",,"PLC001","1",
"PLC","1756-Chassis-Config","1756-A17",,"PLC001","1",
"PLC","1756-Chassis-Config","1756-A7",,"PLC001","1",
"PLC","1756-Chassis-Config","1756-EN2TR",,"PLC001","1",
"PLC","1756-Chassis-Config","1756-EN4TR",,"PLC001","1",
"PLC","1756-Chassis-Config","1756-HSC",,"PLC001","1",
"PLC","1756-Chassis-Config","1756-IA16",,"PLC001","1",
"PLC","1756-Chassis-Config","1756-IA16I",,"PLC001","1",
"PLC","1756-Chassis-Config","1756-IB16",,"PLC001","1",
"PLC","1756-Chassis-Config","1756-IB16S",,"PLC001","1",
"PLC","1756-Chassis-Config","1756-IB32",,"PLC001","1",
"PLC","1756-Chassis-Config","1756-IF16",,"PLC001","1",
"PLC","1756-Chassis-Config","1756-IF4FXOF2F",,"PLC001","1",
"PLC","1756-Chassis-Config","1756-IF8",,"PLC001","1",
"PLC","1756-Chassis-Config","1756-IF8I",,"PLC001","1",
"PLC","1756-Chassis-Config","1756-L81ES",,"PLC001","1",
"PLC","1756-Chassis-Config","1756-L82E",,"PLC001","1",
"PLC","1756-Chassis-Config","1756-L82ES",,"PLC001","1",
"PLC","1756-Chassis-Config","1756-L83ES",,"PLC001","1",
"PLC","1756-Chassis-Config","1756-L84ES",,"PLC001","1",
"PLC","1756-Chassis-Config","1756-L8SP",,"PLC001","1",
"PLC","1756-Chassis-Config","1756-N2",,"PLC001","1",
"PLC","1756-Chassis-Config","1756-OA16",,"PLC001","1",
"PLC","1756-Chassis-Config","1756-OBV8S",,"PLC001","1",
"PLC","1756-Chassis-Config","1756-OF8",,"PLC001","1",
"PLC","1756-Chassis-Config","1756-OW16I",,"PLC001","1",
"PLC","1756-Chassis-Config","1756-PA75",,"PLC001","1",
"PLC","1756-Chassis-Config","1756-TBCH",,"PLC001","1",
"PLC","1756-Chassis-Config","1756-TBCHS",,"PLC001","1",
"PLC","1756-Chassis-Config","1756-TBE",,"PLC001","1",
"PLC","1756-Chassis-Config","1756-TBNH",,"PLC001","1",
"PLC","1756-Chassis-Config","1756-TBNHS",,"PLC001","1",
"WW","12 X 6 Lay-in  WireWay Config","F126L##",,"WW001",,
"WW","12 X 6 Lay-in  WireWay Config","F126LTA",,"WW001",,
"WW","12 X 6 Lay-in  WireWay Config","F126LE9A",,"WW001",,
"WW","12 X 6 Lay-in  WireWay Config","F126LB",,"WW001",,
"WW","12 X 6 Lay-in  WireWay Config","F126LP",,"WW001",,
"PLC","1492-IFM-Config","1492-IFM40F-FS120-2",,"PLC002","1",
"PLC","1492-IFM-Config","1492-CABLE010X",,"PLC002","1",
"PLC","1492-IFM-Config","1492-CABLE010Y",,"PLC002","1",
"PLC","1492-IFM-Config","1492-IFM20F-F120-2",,"PLC002","1",
"PLC","1492-IFM-Config","1492-CABLE025Y",,"PLC002","1",
"PLC","1492-IFM-Config","1492-CABLE025X",,"PLC002","1",
"PLC","1492-IFM-Config","1492-IFM40F-FS-4",,"PLC002","1",
"RIO","CCL-Panel - CONFIG","A36SA3210LPPL","1","RIO004",,
"RIO","CCL-Panel - CONFIG","A36P30","1","RIO004",,
"RIO","CCL-Panel - CONFIG","140G-G6C3-C40","1","RIO004",,
"RIO","CCL-Panel - CONFIG","140G-G-FCX03","1","RIO004",,
"RIO","CCL-Panel - CONFIG","140G-G-MTL63","1","RIO004",,
"RIO","CCL-Panel - CONFIG","140G-G-TLC13","1","RIO004",,
"RIO","CCL-Panel - CONFIG","1492-FB2J30","2","RIO004",,
"RIO","CCL-Panel - CONFIG","J<=30","4","RIO004",,
"RIO","CCL-Panel - CONFIG","HZ1000","1","RIO004",,
"RIO","CCL-Panel - CONFIG","1492-FB2C30-L","1","RIO004",,
"RIO","CCL-Panel - CONFIG","CC<=30A","1","RIO004",,
"RIO","CCL-Panel - CONFIG","D167-8","1","RIO004",,
"RIO","CCL-Panel - CONFIG","1492-REC15","1","RIO004",,
"RIO","CCL-Panel - CONFIG","1492-H4","10","RIO004",,
"RIO","CCL-Panel - CONFIG","Glass Fuse 1/4""","10","RIO004",,
"RIO","CCL-Panel - CONFIG","1606-XLE240EN","1","RIO004",,
"RIO","CCL-Panel - CONFIG","1734-AENTR","1","RIO004",,
"RIO","CCL-Panel - CONFIG","1734-IB8","2","RIO004",,
"RIO","CCL-Panel - CONFIG","1734-IB8S","1","RIO004",,
"RIO","CCL-Panel - CONFIG","1734-OB8","1","RIO004",,
"RIO","CCL-Panel - CONFIG","1734-OB8S","1","RIO004",,
"RIO","CCL-Panel - CONFIG","1734-OW4","4","RIO004",,
"RIO","CCL-Panel - CONFIG","1734-4IOL","1","RIO004",,
"RIO","CCL-Panel - CONFIG","1734-TB","12","RIO004",,
"RIO","CCL-Panel - CONFIG","_2703015","1","RIO004",,
"RIO","CCL-Panel - CONFIG","700-HN123","2","RIO004",,
"RIO","CCL-Panel - CONFIG","700-HPS2Z24","2","RIO004",,
"RIO","CCL-Panel - CONFIG","140MT-F9N-C45","1","RIO004",,
"RIO","CCL-Panel - CONFIG","100-C30D10","1","RIO004",,
"RIO","CCL-Panel - CONFIG","193-1EEFD","1","RIO004",,
"RIO","CCL-Panel - CONFIG","800T-PL-LED-12-130V AC/DC","1","RIO004",,
"RIO","CCL-Panel - CONFIG","854K-BPM10C","1","RIO004",,
"RIO","CCL-Panel - CONFIG","856T-BB4","1","RIO004",,
"RIO","CCL-Panel - CONFIG","856T-BP1","1","RIO004",,
"RIO","CCL-Panel - CONFIG","140MT-C3E-B63",,"RIO004",,
"RIO","CCL-Panel - CONFIG","100-C23D10",,"RIO004",,
"RIO","CCL-Panel - CONFIG","193-1EECB",,"RIO004",,
"RIO","CCL-Panel - CONFIG","A2404NJ-OC-B",,"RIO004",,
"RIO","CCL-Panel - CONFIG","C19M10-30-002",,"RIO004",,
"RIO","CCL-Panel - CONFIG","C19M10-40-002",,"RIO004",,
"RIO","CCL-Panel - CONFIG","RLX2-IHNF-A",,"RIO004",,
"RIO","CCL-Panel - CONFIG","LaborIOWall_Mt","1.5","RIO004",,
"RIO","CCL-Panel - CONFIG","MtI/OWall_Mt","1.5","RIO004",,
"RIO","CCL-Panel - CONFIG","MISC500","1","RIO004",,
"RIO","CCL-Panel - CONFIG","RLX2-IHNF-A",,"RIO004",,
"RIO","CCL-Panel - CONFIG","A808CH",,"RIO004",,
"RIO","CCL-Panel - CONFIG","A8P8",,"RIO004",,
"INST-PRS","IFM-ProxSwtich","IGC258","1","INST-PRS001",,
"INST-PRS","IFM-ProxSwtich","U20302","1","INST-PRS001",,
"INST-PRS","IFM-ProxSwtich","EVC086","1","INST-PRS001",,
"MCCB","100A Therm. Mag. MCCB w/4'Cbl + Lugs","140G-G6C3-D10-KJ","1","MCCB003","1",
"MCCB","100A Therm. Mag. MCCB w/4'Cbl + Lugs","140G-M-FMX04","1","MCCB003","1",
"MCCB","100A Therm. Mag. MCCB w/4'Cbl + Lugs","140G-G-MTL63","1","MCCB003","1",
"MCCB","100A Therm. Mag. MCCB w/4'Cbl + Lugs","140G-G-TLC13","1","MCCB003","1",
"PLC","1756-Chassis-Config","STV25K-10S",,"PLC001","1",
"OS","SwingArmMount","SCE-SA360C","1","OSMNT001",,
"OS","SwingArmMount","SCE-SA90A","1","OSMNT001",,
"OS","SwingArmMount","SCE-SA230WH","1","OSMNT001",,
"OS","SwingArmMount","SCE-SA20TC",,"OSMNT001",,
"OS","SwingArmMount","SCE-SA39TC","2","OSMNT001",,
"PLC","1734-PointIO-Config","1734-AENTR",,"PLC003","1",
"PLC","1734-PointIO-Config","1734-EP24DC",,"PLC003","1",
"PLC","1734-PointIO-Config","1734-FPD",,"PLC003","1",
"PLC","1734-PointIO-Config","1734-IA4",,"PLC003","1",
"PLC","1734-PointIO-Config","1734-IB4",,"PLC003","1",
"PLC","1734-PointIO-Config","1734-IB8",,"PLC003","1",
"PLC","1734-PointIO-Config","1734-IB8S",,"PLC003","1",
"PLC","1734-PointIO-Config","1734-IE2C",,"PLC003","1",
"PLC","1734-PointIO-Config","1734-IE2V",,"PLC003","1",
"PLC","1734-PointIO-Config","1734-IE4C",,"PLC003","1",
"PLC","1734-PointIO-Config","1734-OA4",,"PLC003","1",
"PLC","1734-PointIO-Config","1734-OB4",,"PLC003","1",
"PLC","1734-PointIO-Config","1734-OB8",,"PLC003","1",
"PLC","1734-PointIO-Config","1734-OB8S",,"PLC003","1",
"PLC","1734-PointIO-Config","1734-OE2C",,"PLC003","1",
"PLC","1734-PointIO-Config","1734-OE2V",,"PLC003","1",
"PLC","1734-PointIO-Config","1734-OW4",,"PLC003","1",
"PLC","1734-PointIO-Config","1734-TB",,"PLC003","1",
"PLC","1734-PointIO-Config","1734-VTM",,"PLC003","1",
"PLC","1734-PointIO-Config","1734-4IOL",,"PLC003","1",
"FVNR","100HP_140MG+100C+E300+Eth/IP","140MG-J8P-D20","1","FVNR017","1",
"FVNR","100HP_140MG+100C+E300+Eth/IP","100-E146ED11","1","FVNR017","1",
"FVNR","100HP_140MG+100C+E300+Eth/IP","100-FA20","1","FVNR017","1",
"FVNR","100HP_140MG+100C+E300+Eth/IP","193-ESM-I-200A-E146","1","FVNR017","1",
"FVNR","100HP_140MG+100C+E300+Eth/IP","193-EIO-22-120","1","FVNR017","1",
"FVNR","100HP_140MG+100C+E300+Eth/IP","193-ECM-ETR","1","FVNR017","1",
"FVNR","100HP_140MG+100C+E300+Eth/IP","FP6X88MTG","2","FVNR017","1",
"FVNR","125HP_140MG+100C+E300+Eth/IP","140MG-J8P-D25","1","FVNR018","1",
"FVNR","125HP_140MG+100C+E300+Eth/IP","100-E190ED11","1","FVNR018","1",
"FVNR","125HP_140MG+100C+E300+Eth/IP","100-FA20","1","FVNR018","1",
"FVNR","125HP_140MG+100C+E300+Eth/IP","193-ESM-I-200A-E205","1","FVNR018","1",
"FVNR","125HP_140MG+100C+E300+Eth/IP","193-EIO-22-120","1","FVNR018","1",
"FVNR","125HP_140MG+100C+E300+Eth/IP","193-ECM-ETR","1","FVNR018","1",
"FVNR","125HP_140MG+100C+E300+Eth/IP","FP6X88MTG","2","FVNR018","1",
"FVNR","125HP_140MG+100C+E300+Eth/IP","CAT6","50","FVNR018","1",
"LVM","LVM-Entry-Inst+Cbl","O1D100","1","LVM001",,"1"
"LVM","LVM-Entry-Inst+Cbl","E21079","1","LVM001",,"1"
"LVM","LVM-Entry-Inst+Cbl","IIS226","2","LVM001",,"1"
"LVM","LVM-Entry-Inst+Cbl","_1543058","2","LVM001",,"1"
"LVM","LVM-Entry-Inst+Cbl","5J6F4-A11-US0A - 2","17","LVM001",,"1"
"LVM","LVM-Entry-Inst+Cbl","MS14SPM-7FP-10M-B-EN01","8","LVM001",,"1"
"LVM","LVM-Entry-Inst+Cbl","VAN-590-00","3","LVM001",,"1"
"LVM","LVM-Exit-Inst+Cbl","O1D100","3","LVM002",,"1"
"LVM","LVM-Exit-Inst+Cbl","E21079","3","LVM002",,"1"
"LVM","LVM-Exit-Inst+Cbl","_1543058","1","LVM002",,"1"
"LVM","LVM-Exit-Inst+Cbl","5J6F4-A11-US0A - 2","12","LVM002",,"1"
"LVM","LVM-Exit-Inst+Cbl","IIS226","1","LVM002",,"1"
"LVM","LVM-Exit-Inst+Cbl","MS14SPM-7FP-10M-B-EN01","8","LVM002",,"1"
"SG","SG-Inst+CBL","MDE45-4MP-FW07","1","SG001",,"1"
"SG","SG-Inst+CBL","P5103-1751000","4","SG001",,"1"
"SG","SG-Inst+CBL","EVC854","2","SG001",,"1"
"LVST","LVST-Entry-Inst+Cbl","5J6F4-A11-US0A - 2","12","LVST001",,"1"
"LVST","LVST-Entry-Inst+Cbl","EVC854","3","LVST001",,"1"
"LVST","LVST-Entry-Inst+Cbl","MDE45-4MP-FW07","3","LVST001",,"1"
"LVST","LVST-Entry-Inst+Cbl","_1542952","17","LVST001",,"1"
"LVST","LVST-Entry-Inst+Cbl","_1543058","17","LVST001",,"1"
"RIO","IOLS","BNI00CP","1","IOL002",,"1"
"RIO","IOLS","_1521355","1","IOL002",,"1"
,,,,,,
"LVM","LVM-Exit-Inst+Cbl","IGC260","10","LVM002",,"1"
"LVM","LVM-Exit-Inst+Cbl","EVC854","5","LVM002",,"1"
"LVM","LVM-Exit-Inst+Cbl","_1543058","21","LVM002",,"1"
"LVM","LVM-Exit-Inst+Cbl","_1542952","24","LVM002",,"1"
,,,,,,
"LVM","LVM-Entry-Inst+Cbl","EVC854","1","LVM001",,"1"
"LVM","LVM-Entry-Inst+Cbl","_1543058","13","LVM001",,"1"
"LVM","LVM-Entry-Inst+Cbl","_1542952","11","LVM001",,"1"
"SG","SG-Inst+CBL","_1543058","2","SG001",,"1"
"SG","SG-Inst+CBL","_1542952","3","SG001",,"1"
"HS","Hyd_Sys_Panel","A1412CH","1","HYD001","1","1"
"HS","Hyd_Sys_Panel","A14P12","1","HYD001","1",
"HS","Hyd_Sys_Panel","1492-SP1C200","2","HYD001","1",
"HS","Hyd_Sys_Panel","CC<=30A","1","HYD001","1",
"HS","Hyd_Sys_Panel","1606-XLE240EN","1","HYD001","1",
"HS","Hyd_Sys_Panel","M9L11120","1","HYD001","1",
"HS","Hyd_Sys_Panel","800T-FXQH2RA1","1","HYD001","1",
"HS","Hyd_Sys_Panel","Misc250","1","HYD001","1",
"HS","Hyd_Sys_Panel","MtlJBX","1","HYD001","1",
"HS","Hyd_Sys_Panel","FP6X88MTG","3","HYD001","1","1"
"HS","Hyd_Sys_Panel","_2703015","2","HYD001","1","1"
"HS","Hyd_Sys_Inst+Cbl","EVC854","9","HYD002","0","1"
"HS","Hyd_Sys_Inst+Cbl","_1543058","6","HYD002","0","1"
"HS","Hyd_Sys_Inst+Cbl","_1542952","20","HYD002","0","1"
"HS","Hyd_Sys_Inst+Cbl","P5103-1751000","9","HYD002","0","1"
"OS","LVM.OS","CSD243010LG","1","OS001","1","1"
"OS","LVM.OS","CP3024","1","OS001","1",
"OS","LVM.OS","TFP41","1","OS001","1",
"OS","LVM.OS","TEP4","1","OS001","1",
"OS","LVM.OS","ATEMNO","1","OS001","1",
"OS","LVM.OS","1492-REC15","1","OS001","1",
"OS","LVM.OS","1492-FB1C30-D1","8","OS001","1",
"OS","LVM.OS","CC<=30A","8","OS001","1",
"OS","MAIN.OS - Small 1 HMI","1734-AENTR","1","OS002","1",
"OS","MAIN.OS - Small 1 HMI","1734-IB8","5","OS002","1",
"OS","MAIN.OS - Small 1 HMI","1734-IB8S","1","OS002","1",
"OS","MAIN.OS - Small 1 HMI","1734-OB8","2","OS002","1",
"OS","MAIN.OS - Small 1 HMI","1734-EP24DC","1","OS002","1",
"OS","MAIN.OS - Small 1 HMI","1734-TB","10","OS002","1",
"OS","MAIN.OS - Small 1 HMI","1606-XLB240E","1","OS002","1",
"OS","MAIN.OS - Small 1 HMI","TFP41","1","OS002","1",
"OS","MAIN.OS - Small 1 HMI","TEP4","1","OS002","1",
"OS","MAIN.OS - Small 1 HMI","ATEMNO","1","OS002","1",
"OS","MAIN.OS - Small 1 HMI","1492-REC15","1","OS002","1",
"OS","MAIN.OS - Small 1 HMI","1492-FB1C30-D1","8","OS002","1",
"OS","MAIN.OS - Small 1 HMI","CC<=30A","8","OS002","1",
"OS","MAIN.OS - Small 1 HMI","1492-SP1C200","1","OS002","1",
"OS","MAIN.OS - Small 1 HMI","WC12B","1","OS002","1",
"OS","MAIN.OS - Small 1 HMI","WC12W","1","OS002","1",
"OS","MAIN.OS - Small 1 HMI","HIS-ML23.8-FTVA","1","OS002","1",
"OS","MAIN.OS - Small 1 HMI","HX500","1","OS002","1",
"OS","MAIN.OS - Small 1 HMI","VESA-RADARM2-BLK","1","OS002","1",
"OS","MAIN.OS - Small 1 HMI","P-R2-K3RF3","1","OS002","1",
"OS","MAIN.OS - Lg.2 HMI","1734-AENTR","1","OS003","1",
"OS","MAIN.OS - Lg.2 HMI","1734-IB8","10","OS003","1",
"OS","MAIN.OS - Lg.2 HMI","1734-IB8S","1","OS003","1",
"OS","MAIN.OS - Lg.2 HMI","1734-OB8","4","OS003","1",
"OS","MAIN.OS - Lg.2 HMI","1734-EP24DC","1","OS003","1",
"OS","MAIN.OS - Lg.2 HMI","1734-TB","20","OS003","1",
"OS","MAIN.OS - Lg.2 HMI","1606-XLB240E","1","OS003","1",
"OS","MAIN.OS - Lg.2 HMI","TFP41","1","OS003","1",
"OS","MAIN.OS - Lg.2 HMI","TEP4","1","OS003","1",
"OS","MAIN.OS - Lg.2 HMI","ATEMNO","1","OS003","1",
"OS","MAIN.OS - Lg.2 HMI","1492-REC15","1","OS003","1",
"OS","MAIN.OS - Lg.2 HMI","1492-FB1C30-D1","8","OS003","1",
"OS","MAIN.OS - Lg.2 HMI","CC<=30A","8","OS003","1",
"OS","MAIN.OS - Lg.2 HMI","1492-SP1C200","1","OS003","1",
"OS","MAIN.OS - Lg.2 HMI","WC1248BD","1","OS003","1",
"OS","MAIN.OS - Lg.2 HMI","WC1248W","1","OS003","1",
"OS","MAIN.OS - Lg.2 HMI","HIS-ML23.8-FTVA","2","OS003","1",
"OS","MAIN.OS - Lg.2 HMI","HX500","2","OS003","1",
"OS","MAIN.OS - Lg.2 HMI","VESA-RADARM2-BLK","2","OS003","1",
"OS","MAIN.OS - Lg.2 HMI","P-R2-K3RF3","1","OS003","1",
"OS","MAIN.OS - Lg.2 HMI","800T-PB","5","OS003","1",
"OS","MAIN.OS - Lg.2 HMI","800T-SL","5","OS003","1",
"OS","MAIN.OS - Lg.2 HMI","800T-SS-2POS","2","OS003","1",
"OS","MAIN.OS - Lg.2 HMI","800T-SS-3POS","21","OS003","1",
"OS","MAIN.OS - Lg.2 HMI","800T-PBLT","20","OS003","1",
"OS","MAIN.OS - Lg.2 HMI","800T-SS-2POS-KEY","1","OS003","1",
"OS","MAIN.OS - Lg.2 HMI","800T-FXQH2RA5","1","OS003","1",
"OS","MAIN.OS - Lg.2 HMI","800T-X646EM","1","OS003","1",
"OS","MAIN.OS - Lg.2 HMI","440T-MRPSE11BB","1","OS003","1",
"OS","MAIN.OS - Lg.2 HMI","440T-AKEYE10BB","1","OS003","1",
"OS","MAIN.OS - Small 1 HMI","800T-SL","10","OS002","1",
"OS","MAIN.OS - Small 1 HMI","800T-SS-2POS","5","OS002","1",
"OS","MAIN.OS - Small 1 HMI","800T-SS-3POS","5","OS002","1",
"OS","MAIN.OS - Small 1 HMI","800T-PBLT","5","OS002","1",
"OS","MAIN.OS - Small 1 HMI","800T-SS-2POS-KEY","1","OS002","1",
"OS","MAIN.OS - Small 1 HMI","800T-FXQH2RA5","1","OS002","1",
"OS","MAIN.OS - Small 1 HMI","800T-X646EM","1","OS002","1",
"OS","MAIN.OS - Small 1 HMI","440T-MRPSE11BB","1","OS002","1",
"OS","MAIN.OS - Small 1 HMI","440T-AKEYE10BB","1","OS002","1",
"MCCB","SQD_1000A MCCB w/LI + Lugs","PJL36100U31A","1","MCCB004","1",
"MCCB","SQD_1000A MCCB w/LI + Lugs","9422CMP40","1","MCCB004","1",
"MCCB","SQD_1000A MCCB w/LI + Lugs","9422AP1","1","MCCB004","1",
"MCCB","AB 140G - 150A -Therm Mag. 3P","140G-J6F3-D15","1","MCCB005","1",
"MCCB","AB 140G - 150A -Therm Mag. 3P","140G-J-FMXB04","1","MCCB005","1",
"MCCB","AB 140G - 150A -Therm Mag. 3P","140G-J-EZ","1","MCCB005","1",
"MCCB","AB 140G - 150A -Therm Mag. 3P","140G-J-MTL63","1","MCCB005","1",
"MCCB","AB 140G - 150A -Therm Mag. 3P","140G-J-TLA13","1","MCCB005","1",
,,,,,,
